cpu_clock_speed,cpu_single_bench_score,cpu_multi_bench_score,ram_capacity,ram_bus_speed,gpu_vram,gpu_bench_score,gpu_time_spy,gpu_time_spy_extreme,gpu_fire_strike_extreme,resolution_width,resolution_height,bottleneck_type
2.53,1011,1891,4,6400,2,1,7,4,6,2560,1440,3
2.8,1434,3311,4,2666,12,1286,4710,2397,3609,1920,1080,3
3.5,3589,13144,4,2400,2,0,4,1,2,3840,2160,3
3.2,2858,12124,64,3000,2,42,142,74,118,1920,1080,2
2.6,1075,1324,64,2666,2,432,1545,784,1222,3840,2160,2
2.2,366,154,32,6000,2,1,4,2,2,2560,1440,2
1.4,268,191,64,6400,2,15,53,27,42,1920,1080,2
3.0,3621,25165,8,1600,2,132,447,233,345,2560,1440,3
2.1,3702,30938,32,2400,2,457,1635,815,1287,2560,1440,2
2.8,1081,1032,8,5200,2,129,479,250,375,2560,1440,2
3.2,2305,23105,32,5600,2,1,3,2,3,2560,1440,2
2.8,1569,1769,16,2133,2,61,214,103,165,2560,1440,2
2.4,1051,998,4,6000,2,254,905,456,767,2560,1440,3
3.4,2137,6296,64,3200,12,2311,8053,3931,5960,2560,1440,0
3.6,2030,3790,4,6400,2,9,30,16,26,2560,1440,3
2.4,1818,4891,64,5600,2,2,7,4,5,2560,1440,2
3.0,4513,67216,16,4800,6,1565,5455,2962,4624,3840,2160,2
2.7,1553,1671,4,2666,2,40,143,77,114,1920,1080,3
3.5,1837,2133,64,5600,16,1342,4550,2477,3738,2560,1440,0
1.8,693,564,4,6000,2,176,612,331,485,3840,2160,3
3.2,2132,15167,32,2400,2,17,57,31,49,2560,1440,2
2.9,1420,3542,64,1600,2,25,90,45,72,1920,1080,3
3.2,1278,1343,32,1600,4,415,1448,785,1225,2560,1440,3
2.0,1094,1517,32,2400,2,1,4,2,2,1920,1080,2
4.2,4327,48275,64,5200,2,23,77,39,66,1920,1080,2
3.2,1474,6640,64,2666,2,0,4,2,3,3840,2160,2
3.5,2514,11385,16,2666,6,1835,6435,3455,5019,2560,1440,0
3.3,1711,2283,64,2133,2,247,886,443,701,1920,1080,2
3.2,1103,1000,32,5200,2,8,28,14,22,3840,2160,2
3.5,2313,3855,8,3000,2,19,68,34,55,1920,1080,2
3.0,3716,29546,16,5200,2,317,1177,617,887,2560,1440,2
2.9,1157,1678,16,2400,4,9,30,16,25,3840,2160,2
3.0,2984,26126,4,3200,2,84,307,166,260,3840,2160,3
1.6,1006,1529,8,6000,2,1,4,2,3,1920,1080,2
2.2,416,429,8,3600,2,11,38,20,31,1920,1080,2
3.4,2099,5230,8,6400,2,58,200,110,162,1920,1080,2
3.0,3559,40654,8,1600,4,602,2128,1022,1650,3840,2160,3
3.4,2015,3719,64,3200,2,401,1520,729,1116,1920,1080,2
3.8,1486,3955,16,3600,2,35,115,58,94,3840,2160,2
2.7,1050,1096,8,3200,2,14,52,27,42,2560,1440,2
2.4,1303,1562,16,6000,2,1,3,2,2,2560,1440,2
3.0,3860,46105,64,5600,2,65,228,124,190,2560,1440,2
3.6,2074,8515,32,4800,2,23,83,39,61,3840,2160,2
3.4,2385,26523,64,3200,2,34,115,59,90,1920,1080,2
2.2,799,750,64,2133,2,8,32,15,24,2560,1440,2
2.0,1457,4162,4,2133,2,115,394,204,329,2560,1440,3
3.1,1251,1342,8,4800,2,54,201,100,161,3840,2160,2
2.5,1046,1995,64,4800,2,2,10,5,8,1920,1080,2
3.3,1219,2423,8,3000,2,27,96,50,75,2560,1440,2
1.4,3639,27271,8,6400,2,247,853,430,683,1920,1080,3
3.0,4287,27258,4,5600,4,900,3181,1718,2659,2560,1440,3
3.4,1308,1339,64,2666,2,24,89,47,72,2560,1440,2
2.4,1655,4640,8,5600,2,257,853,467,690,3840,2160,2
2.0,1131,2915,4,3000,2,251,930,450,749,2560,1440,3
3.4,2161,2549,4,4800,2,1,3,1,3,1920,1080,3
3.5,2090,4031,8,2666,4,316,1067,596,884,1920,1080,2
3.0,1651,2943,8,5600,4,662,2182,1139,1820,3840,2160,2
3.6,2034,6567,32,3600,2,64,211,114,170,3840,2160,2
3.0,3960,33561,4,5600,12,5247,18617,9417,15405,1920,1080,3
2.5,3778,21390,32,3200,2,2,10,5,8,3840,2160,2
2.9,2057,5053,32,4800,2,14,51,28,41,2560,1440,2
3.3,2029,3919,32,5600,2,0,3,1,2,3840,2160,2
2.4,567,318,16,5600,2,3,10,4,7,3840,2160,2
3.2,1308,1898,32,6000,2,7,27,14,21,3840,2160,2
2.83,1168,2266,32,5200,2,1,3,1,2,3840,2160,2
2.8,1446,3377,8,3200,2,1,3,2,2,1920,1080,2
4.0,1050,1898,64,3000,6,1567,5454,2921,4285,1920,1080,0
4.0,1650,6174,64,3000,2,431,1415,721,1153,3840,2160,2
3.06,412,227,16,2400,2,6,23,12,20,1920,1080,2
3.0,3523,22829,8,2400,2,160,581,294,466,3840,2160,3
2.6,1169,1276,64,3600,2,448,1546,806,1191,2560,1440,2
3.0,3909,23517,8,6000,2,0,4,1,2,1920,1080,3
3.0,4354,55419,32,3000,6,1582,5404,2844,4527,1920,1080,2
3.0,3801,141678,64,6000,2,111,400,204,294,1920,1080,2
3.9,1678,3729,64,6400,2,0,3,1,2,3840,2160,2
3.8,3371,27849,32,2133,2,19,68,34,58,3840,2160,2
2.93,271,153,4,6000,4,542,1967,1004,1536,2560,1440,3
3.3,4332,30536,32,2133,2,23,83,40,65,2560,1440,2
3.5,2113,6794,32,5200,2,0,4,1,3,1920,1080,2
3.4,2173,8050,64,4800,2,1,3,1,2,2560,1440,2
3.8,2852,18485,8,3000,2,20,78,41,63,2560,1440,2
3.3,1561,4712,4,5200,2,34,115,56,95,2560,1440,3
2.9,1456,3788,16,5200,2,238,777,412,630,3840,2160,2
2.7,2146,6533,8,2133,2,18,68,33,50,2560,1440,2
3.0,4555,31562,64,5600,2,1,3,2,3,3840,2160,2
3.0,4857,59238,8,6400,2,57,187,103,160,1920,1080,3
3.0,3925,116872,32,6000,2,0,4,2,3,3840,2160,2
3.9,3271,7180,64,4800,2,1,3,1,3,1920,1080,2
2.1,847,1205,32,6000,2,138,463,236,383,1920,1080,2
3.0,3298,33956,64,1600,2,9,33,16,24,3840,2160,3
1.99,665,1193,4,4800,4,141,533,260,408,1920,1080,3
2.0,730,603,64,3600,2,0,4,1,3,3840,2160,2
2.5,1025,1512,8,2666,2,237,851,419,641,2560,1440,2
3.9,3408,18811,4,4800,2,16,57,28,44,2560,1440,3
1.6,266,383,4,2666,2,14,47,26,39,2560,1440,3
2.7,1784,4070,64,6000,8,3882,13706,7096,10904,3840,2160,0
3.9,2190,3752,16,2666,2,166,582,297,437,3840,2160,2
2.67,1164,2517,4,3000,2,105,400,194,305,2560,1440,3
2.2,417,1200,64,3200,2,0,4,2,3,3840,2160,2
3.9,3064,20572,4,4800,2,3,11,5,8,1920,1080,3
3.0,4398,57427,16,2133,4,23,85,43,67,2560,1440,3
2.4,3988,34031,4,6000,2,6,20,11,17,1920,1080,3
3.5,1497,1763,16,6000,2,31,121,56,89,2560,1440,2
2.9,1020,754,32,4800,2,1,3,2,2,2560,1440,2
2.6,1167,1300,4,4800,2,0,3,1,3,3840,2160,3
3.5,1937,4519,16,5200,2,0,3,2,2,3840,2160,2
2.7,1540,1649,64,1600,2,0,4,1,3,1920,1080,3
3.3,2681,28815,8,2666,8,711,2413,1330,2070,2560,1440,3
2.5,3751,17181,8,2133,6,1584,5787,2918,4282,3840,2160,2
3.0,1200,1216,8,6400,2,2,11,5,7,2560,1440,2
3.1,2362,12799,64,1600,2,124,432,233,331,3840,2160,3
3.06,422,229,32,6000,2,0,3,2,2,1920,1080,2
3.07,1360,3425,64,5200,2,104,362,188,279,3840,2160,2
3.0,3293,68442,64,6400,2,0,4,1,3,1920,1080,2
3.6,3028,21137,16,6000,2,4,13,7,10,2560,1440,2
2.3,1062,1081,8,5200,2,32,111,58,93,1920,1080,2
3.0,3559,26539,4,3000,4,155,524,278,449,3840,2160,3
3.4,2115,16086,16,2133,2,20,73,37,56,2560,1440,2
3.0,2015,4407,4,5600,2,12,46,22,35,3840,2160,3
1.5,779,1400,8,5600,2,198,653,361,533,3840,2160,2
3.0,3580,19370,16,2400,2,17,60,32,46,2560,1440,2
3.0,3764,41304,4,6000,2,182,637,321,525,1920,1080,3
2.5,954,1727,32,2133,8,2992,10243,5220,8759,2560,1440,1
3.1,2673,31394,8,3000,8,821,2825,1509,2332,1920,1080,3
2.3,1001,2029,64,6400,2,1,3,2,2,1920,1080,2
3.0,1500,3218,4,3200,2,9,31,15,26,3840,2160,3
2.9,1669,2327,32,6400,2,66,240,122,188,2560,1440,2
2.93,1224,1452,8,3200,2,12,40,22,33,1920,1080,2
3.0,3956,33159,8,2666,2,19,68,34,51,1920,1080,3
3.0,3631,157978,32,4800,2,373,1261,652,1014,3840,2160,2
3.6,1712,7965,8,4800,6,1838,6308,3167,4788,1920,1080,0
2.0,1189,2805,4,1600,2,9,33,16,25,2560,1440,3
3.2,1266,5010,64,6400,2,281,952,497,748,1920,1080,2
2.5,1371,1599,4,3200,2,6,25,13,20,3840,2160,3
2.0,2534,13206,16,3200,2,22,73,40,60,2560,1440,2
2.2,1573,4348,64,6000,2,1,4,2,2,2560,1440,2
3.0,1260,1225,8,3200,2,0,4,2,2,2560,1440,2
2.8,1630,1899,16,2400,2,16,58,27,45,3840,2160,2
3.5,2490,10387,4,3200,6,1068,3576,1790,2760,2560,1440,3
3.4,1413,1508,4,5200,2,0,3,2,2,3840,2160,3
2.8,1641,1874,8,2400,2,7,27,13,22,3840,2160,2
1.6,512,324,64,3000,2,12,48,23,37,3840,2160,2
3.1,2404,5420,64,4800,8,3315,11508,5765,9003,2560,1440,0
3.4,2032,3905,16,1600,2,1,4,2,2,3840,2160,3
3.8,2444,10973,16,4800,2,20,68,35,55,3840,2160,2
2.8,545,511,4,3600,2,1,6,3,5,3840,2160,3
3.0,3481,38346,16,2400,8,2403,8714,4450,6727,1920,1080,3
2.7,938,794,4,1600,12,7556,25608,12928,20825,2560,1440,3
1.6,494,342,4,1600,2,23,80,44,67,1920,1080,3
2.3,780,1614,64,5600,2,360,1307,686,1027,1920,1080,0
3.0,3884,27119,64,3200,2,15,53,25,43,1920,1080,2
1.91,549,1055,32,3200,2,435,1551,831,1223,2560,1440,0
2.83,1192,2226,8,1600,2,1,7,3,6,2560,1440,3
3.1,1681,5234,8,2133,2,407,1389,726,1111,3840,2160,2
2.93,1247,1469,32,5200,6,1314,4678,2509,3935,2560,1440,0
2.7,1513,1638,4,3200,2,360,1201,654,971,2560,1440,3
1.5,1176,1874,64,3000,6,1644,5881,2943,4476,1920,1080,0
2.0,830,1646,16,3000,2,2,6,3,6,2560,1440,2
1.6,782,438,32,3000,2,112,418,209,339,3840,2160,2
2.0,3209,89294,4,2400,2,17,61,32,49,3840,2160,3
3.6,1958,3571,64,2400,8,1474,4971,2572,4096,3840,2160,2
3.2,1716,1956,16,2666,2,59,215,101,169,1920,1080,2
3.0,4052,27280,8,5600,2,12,44,22,34,2560,1440,3
3.0,4744,49733,4,6000,2,9,31,15,24,2560,1440,3
3.0,4168,38244,8,3200,2,418,1387,732,1124,3840,2160,3
3.0,623,931,32,5200,2,0,4,2,3,1920,1080,2
3.0,3463,50476,64,2133,2,20,75,37,61,1920,1080,3
3.0,3511,25331,64,2400,2,22,80,41,64,1920,1080,2
3.5,3715,14846,8,3200,2,69,252,128,191,3840,2160,2
3.5,2167,2674,64,2133,2,113,382,205,328,3840,2160,2
3.2,2238,14863,4,1600,2,21,75,39,58,1920,1080,3
2.6,1028,1138,32,6000,12,2389,8634,4388,6567,3840,2160,0
3.9,1602,3454,4,2400,2,104,357,197,291,2560,1440,3
3.6,1540,4352,8,3200,2,0,3,1,2,3840,2160,2
4.7,4923,43023,64,3600,2,1,4,2,2,1920,1080,2
3.5,2807,25737,64,4800,2,45,163,84,128,2560,1440,2
2.2,1062,1892,4,1600,2,299,1029,532,854,2560,1440,3
1.7,537,445,16,6400,2,0,4,1,3,2560,1440,2
3.8,4522,40069,64,4800,2,1,3,2,2,3840,2160,2
3.0,3373,25878,64,3200,2,1,3,1,2,1920,1080,2
3.5,2280,6892,32,2400,6,1794,5910,3062,4872,3840,2160,2
3.7,2992,6855,16,5200,16,2242,8260,4063,6517,3840,2160,3
2.41,650,543,16,6400,6,1543,5620,2980,4461,3840,2160,0
2.0,326,126,4,5600,12,1782,6374,3058,5020,2560,1440,3
3.3,2625,15692,4,2666,2,342,1175,623,979,1920,1080,3
3.6,2248,2880,4,6400,2,1,3,1,3,1920,1080,3
2.4,1796,5616,16,5200,2,31,112,54,86,2560,1440,2
2.93,1263,1219,64,3000,2,1,4,2,2,1920,1080,2
4.7,1768,6882,64,6400,2,18,65,31,49,2560,1440,2
3.0,3353,59031,16,1600,2,5,18,9,13,2560,1440,3
4.3,2603,9810,64,6400,12,4564,15430,8283,12709,2560,1440,0
3.2,1764,3140,4,2133,2,33,111,61,96,2560,1440,3
2.9,2483,83380,32,4800,2,23,85,44,64,3840,2160,2
2.6,975,816,64,6400,2,274,913,488,767,3840,2160,2
2.6,484,232,32,2400,2,51,166,90,134,3840,2160,2
3.2,3361,21682,32,6000,2,7,28,13,22,3840,2160,2
2.5,4341,24405,32,6000,2,10,38,20,30,2560,1440,2
3.5,1601,1893,32,3600,2,428,1640,803,1306,3840,2160,2
3.2,1388,2359,32,2666,2,0,4,1,3,2560,1440,2
3.0,3374,35881,4,6000,2,288,1032,528,813,1920,1080,3
3.0,3647,28044,16,3200,2,0,3,2,2,3840,2160,2
3.0,3425,67611,32,5200,2,22,77,41,62,3840,2160,2
1.86,693,739,16,2133,2,137,448,238,357,3840,2160,2
3.7,4212,47993,4,6000,2,5,17,8,13,1920,1080,3
3.6,2491,13573,64,1600,2,6,20,11,17,3840,2160,3
3.5,3837,15164,4,3600,2,62,236,122,181,2560,1440,3
1.8,3962,28279,8,2400,2,6,26,12,20,3840,2160,3
3.5,2716,23851,4,6000,2,69,226,126,185,3840,2160,3
1.5,463,385,8,1600,2,1,3,1,2,1920,1080,3
3.3,2167,7890,8,3000,2,59,223,111,178,1920,1080,2
1.9,1499,3634,8,2133,2,1,4,1,2,1920,1080,2
3.2,1255,2584,64,2666,2,142,532,265,412,1920,1080,2
3.0,3673,166502,16,2666,6,1309,4535,2300,3680,2560,1440,3
3.8,2639,9066,32,5200,2,82,280,146,231,2560,1440,2
2.8,1010,911,16,3600,2,4,13,7,11,1920,1080,2
2.6,2992,16457,32,3600,2,34,120,60,97,3840,2160,2
4.7,4038,50631,64,6400,2,1,3,1,3,1920,1080,2
3.3,1856,2213,64,2666,12,2902,10787,5176,8033,2560,1440,0
3.0,3327,27417,32,2666,2,1,4,2,2,3840,2160,2
3.2,1324,2717,16,3000,2,64,234,119,186,2560,1440,2
3.9,2297,4591,16,3200,24,6756,21972,11938,18627,2560,1440,1
3.0,3656,113151,16,2400,2,12,41,22,34,1920,1080,3
2.3,3435,12893,32,4800,2,13,49,24,40,1920,1080,2
1.5,232,82,64,1600,2,177,600,321,471,1920,1080,3
3.0,3988,22785,4,2666,2,21,77,39,59,3840,2160,3
1.9,1413,3664,64,5200,6,1458,5471,2556,4308,2560,1440,0
3.0,3355,56257,8,2133,2,9,31,15,25,1920,1080,3
3.2,1307,1668,32,4800,2,53,199,94,161,3840,2160,2
2.2,815,1595,4,3600,4,816,2875,1388,2331,2560,1440,3
3.6,2274,6796,64,2133,2,1,4,2,2,3840,2160,2
3.6,2223,12574,16,5200,2,78,253,132,205,3840,2160,2
3.0,3548,40291,32,2133,2,1,3,2,2,2560,1440,3
3.0,3276,23794,4,5200,2,0,4,1,3,3840,2160,3
3.7,2653,14236,16,1600,2,53,186,101,149,3840,2160,3
3.0,3251,72972,32,2133,8,878,3138,1632,2642,3840,2160,3
2.66,1093,2258,16,3200,4,0,4,1,2,1920,1080,2
1.7,519,430,64,5200,2,16,57,31,47,3840,2160,2
3.0,886,816,16,3600,8,1995,7286,3479,5566,2560,1440,0
3.0,3672,96536,8,2400,2,159,581,298,467,2560,1440,3
2.9,1767,2351,16,2666,2,312,1082,568,942,3840,2160,2
3.5,2338,13408,32,3200,2,109,388,184,291,2560,1440,2
3.0,3862,27903,32,3200,8,3142,11450,5770,9053,1920,1080,0
1.4,931,1625,32,3000,2,11,44,21,34,2560,1440,2
3.0,1444,2996,32,6400,2,1,4,2,2,1920,1080,2
2.1,3901,30848,16,2666,2,1,3,2,2,2560,1440,2
3.6,2075,4051,64,6400,2,9,36,18,28,2560,1440,2
3.4,1706,5406,8,6000,2,0,4,2,2,3840,2160,2
3.0,3455,45881,32,2133,2,1,4,2,2,1920,1080,3
3.4,4643,37051,32,6000,2,65,216,109,181,3840,2160,2
3.2,1881,3465,8,3200,2,12,41,21,34,2560,1440,2
3.8,4721,25184,4,3000,2,1,4,2,2,1920,1080,3
3.0,3495,26967,64,2400,2,1,3,1,2,3840,2160,2
2.8,1524,2030,32,3600,2,0,3,1,2,1920,1080,2
3.0,2644,9891,4,5600,2,130,448,228,376,1920,1080,3
3.5,2731,38769,16,5600,2,18,69,34,54,2560,1440,2
3.0,3352,68967,64,5600,2,5,20,10,16,1920,1080,2
2.41,720,1215,64,2400,2,17,61,31,50,3840,2160,2
2.4,1074,1206,32,3000,8,2287,8203,4253,6321,1920,1080,1
3.1,1873,4603,64,5200,4,801,2924,1452,2167,3840,2160,2
3.1,1661,1889,16,1600,2,22,77,41,61,2560,1440,3
3.4,1829,4404,64,2133,2,56,206,98,163,2560,1440,2
3.4,1938,3416,32,2133,2,64,242,118,182,3840,2160,2
3.0,4163,30325,32,2133,2,1,4,2,2,1920,1080,2
2.9,2006,5023,8,2666,2,1,3,2,2,1920,1080,2
3.0,594,996,64,6000,2,16,57,30,48,1920,1080,2
3.0,4595,44201,8,2400,2,1,3,1,3,3840,2160,3
3.4,3652,15224,32,4800,2,1,7,3,6,1920,1080,2
3.7,1469,1810,32,3200,2,11,39,19,31,3840,2160,2
3.07,1322,1611,64,3600,2,0,3,1,3,1920,1080,2
3.3,2251,6807,32,3200,4,17,62,29,50,3840,2160,2
2.9,2483,81186,32,1600,2,7,28,13,22,2560,1440,3
2.0,1319,3355,16,3000,2,0,3,1,3,1920,1080,2
3.3,2156,7465,4,6400,2,9,34,18,26,1920,1080,3
3.0,4406,47730,4,3600,2,1,7,3,5,3840,2160,3
3.7,3130,6475,32,2400,2,1,3,2,2,3840,2160,2
3.0,3792,66954,8,3600,2,0,3,2,3,3840,2160,3
3.6,3764,28676,32,3200,2,102,371,193,287,1920,1080,2
3.0,3786,29274,16,2666,8,875,3143,1638,2550,3840,2160,2
2.3,797,3995,32,2133,2,21,77,39,61,1920,1080,2
3.5,1894,2069,64,3600,2,0,4,1,3,2560,1440,2
3.8,4571,28990,8,1600,2,37,135,69,105,1920,1080,3
3.6,2417,16449,64,5200,2,160,612,316,453,3840,2160,2
2.6,1025,846,64,6000,2,12,42,22,32,3840,2160,2
3.2,1231,1244,4,4800,2,22,78,38,63,3840,2160,3
3.0,4689,46629,8,4800,2,487,1614,826,1373,2560,1440,3
3.2,1894,2379,4,1600,2,26,100,50,74,2560,1440,3
3.0,4996,58832,16,1600,2,206,769,400,609,2560,1440,3
3.7,2100,3400,64,1600,4,684,2475,1345,1943,1920,1080,3
2.5,1858,4798,32,2666,2,18,69,34,50,2560,1440,2
3.0,3617,31270,8,2666,2,59,216,109,180,3840,2160,3
3.1,1771,4236,64,4800,2,133,465,227,359,1920,1080,2
3.0,1242,2990,64,2666,8,2785,9863,5326,8316,1920,1080,1
3.2,3288,20254,32,6400,8,1558,5163,2800,4360,3840,2160,2
2.8,1207,1237,16,2133,2,1,4,1,3,1920,1080,2
1.4,4668,39451,4,5200,8,786,2607,1424,2100,1920,1080,3
3.5,2231,7022,16,3600,2,3,13,7,10,3840,2160,2
3.0,3871,84249,4,2400,8,1936,6867,3682,5313,1920,1080,3
2.4,1043,2048,16,2133,2,18,64,30,51,1920,1080,2
3.5,2292,5536,4,6400,2,2,10,5,7,1920,1080,3
3.5,4010,37353,64,6400,2,13,44,21,37,3840,2160,2
2.4,2056,6475,8,3600,4,8,32,16,23,2560,1440,2
3.7,2752,9166,32,2400,8,1567,5323,2857,4314,1920,1080,0
2.6,930,849,32,4800,2,14,55,26,41,1920,1080,2
2.2,834,1127,64,5600,24,5704,20245,9904,15759,3840,2160,1
2.0,4289,50754,8,6000,2,15,50,26,42,3840,2160,3
4.7,1807,6755,32,3200,2,25,89,45,75,3840,2160,2
3.0,3061,63186,4,4800,2,0,3,1,2,3840,2160,3
3.2,1323,2705,8,5600,2,131,430,231,366,2560,1440,2
3.0,4618,26947,64,1600,2,1,4,1,3,3840,2160,3
2.8,1090,2152,16,2400,2,14,46,24,38,2560,1440,2
3.4,4312,53548,8,3200,12,5508,17776,9226,15180,3840,2160,3
3.2,1280,2674,64,3200,2,29,100,52,80,1920,1080,2
3.3,3461,22075,32,6000,4,1,4,2,3,2560,1440,2
2.4,924,956,64,2400,2,465,1732,910,1415,2560,1440,2
3.2,3191,21662,4,2400,4,23,82,39,63,3840,2160,3
3.5,1446,3436,8,3200,2,351,1311,670,1067,2560,1440,2
2.13,447,286,16,2666,2,490,1706,820,1327,1920,1080,0
3.0,3594,19471,32,4800,8,2120,7393,3723,5896,2560,1440,2
2.3,1285,1541,32,2133,2,12,40,21,33,1920,1080,2
3.0,3333,46222,64,2133,2,76,257,145,208,2560,1440,3
3.8,1376,3986,4,2133,2,39,140,71,106,2560,1440,3
3.8,687,385,8,2133,2,5,20,10,16,1920,1080,2
2.8,1074,1036,64,4800,2,111,403,197,296,1920,1080,2
3.0,3251,24170,32,4800,2,41,145,75,114,3840,2160,2
3.2,1147,2152,32,4800,2,0,4,2,2,2560,1440,2
2.5,1039,2082,32,5600,2,11,38,20,32,1920,1080,2
2.4,3840,37196,8,4800,2,353,1211,647,998,2560,1440,3
3.0,4151,67564,8,2133,2,111,382,183,294,2560,1440,3
3.0,4116,93177,8,6000,2,9,33,15,24,1920,1080,3
3.5,1489,1823,16,3000,4,25,89,45,69,3840,2160,2
4.3,3926,26451,8,5600,2,7,26,14,22,3840,2160,3
3.5,2177,2833,32,3000,2,40,139,73,116,2560,1440,2
3.0,3908,94154,32,1600,2,99,365,191,297,2560,1440,3
3.4,4777,50376,16,3000,2,1,4,1,2,2560,1440,2
3.0,3404,24404,16,3000,2,10,37,20,31,3840,2160,2
3.0,3547,32061,16,1600,8,2311,7847,4189,6354,3840,2160,3
3.0,2497,8298,8,2666,6,1042,3818,1923,2865,1920,1080,0
2.2,879,1523,32,6000,2,1,6,4,5,1920,1080,2
1.5,1240,3185,16,2400,2,9,34,17,28,2560,1440,2
3.5,2120,7072,8,6000,2,383,1450,744,1072,1920,1080,2
3.5,1833,2162,8,5600,2,54,185,95,142,1920,1080,2
2.8,1592,1850,32,3000,2,18,62,30,50,1920,1080,2
3.4,661,294,64,6000,2,44,153,87,130,3840,2160,2
3.3,1921,2152,16,2666,2,3,14,7,10,1920,1080,2
3.9,1603,4892,8,6400,2,57,205,104,157,1920,1080,2
3.0,3649,41751,8,3200,2,91,314,169,248,3840,2160,3
2.7,1111,2175,64,2400,2,39,144,73,108,2560,1440,2
3.0,3227,77651,4,2666,2,2,11,4,8,2560,1440,3
3.5,1938,3551,32,1600,2,1,7,4,6,3840,2160,3
2.5,1018,1102,16,3600,2,20,68,37,58,1920,1080,2
2.6,937,708,16,6400,2,4,13,7,10,1920,1080,2
3.8,3444,28407,8,5600,2,0,4,2,2,1920,1080,3
3.3,2269,9520,4,1600,2,345,1248,674,984,3840,2160,3
3.0,6153,48296,8,2666,12,1703,6211,3131,4751,3840,2160,3
4.0,1583,6105,16,4800,2,0,4,1,3,3840,2160,2
2.5,3461,20884,8,2400,2,3,10,4,8,2560,1440,3
3.9,2227,4074,4,3600,8,1996,7681,3824,5944,3840,2160,3
3.0,2523,31627,4,3600,2,17,60,32,50,2560,1440,3
3.0,1212,2365,4,6000,2,42,159,75,125,3840,2160,3
3.6,2245,9083,4,2133,2,229,824,410,671,2560,1440,3
3.9,3309,20025,4,5200,2,19,68,34,53,2560,1440,3
2.8,3069,18271,32,2400,6,1065,3794,1903,2905,1920,1080,2
3.3,2524,21124,32,1600,2,19,66,34,52,1920,1080,3
3.1,1591,3303,4,1600,2,0,3,2,3,1920,1080,3
3.0,2010,5357,16,2400,2,32,114,61,94,1920,1080,2
2.4,1062,2053,4,2400,8,2338,7600,4237,6320,3840,2160,3
2.8,1074,2074,32,2400,2,112,420,219,345,3840,2160,2
3.3,2180,6819,32,2133,2,22,73,41,62,2560,1440,2
3.0,4326,31923,64,2666,2,404,1406,710,1137,3840,2160,2
3.4,1391,1279,32,2400,2,157,606,299,463,3840,2160,2
3.6,3298,25480,4,4800,3,1046,3729,2001,3039,2560,1440,3
3.0,1704,4242,32,4800,2,8,30,15,25,3840,2160,2
2.1,968,1485,32,1600,2,13,48,23,37,3840,2160,3
2.0,2202,10122,32,3200,2,1,3,2,3,2560,1440,2
3.0,3138,31484,16,6400,2,0,3,2,3,2560,1440,2
3.5,2074,7430,64,3200,2,27,101,51,77,3840,2160,2
1.66,305,401,8,2666,2,85,309,158,231,1920,1080,2
4.3,3877,25502,64,2133,2,1,4,1,3,2560,1440,2
3.8,3111,19091,64,4800,2,13,44,23,34,3840,2160,2
3.5,2004,3455,64,3200,12,5373,18964,9328,14732,3840,2160,0
3.4,1725,5588,32,2400,4,1,3,2,3,1920,1080,2
3.0,4073,24019,8,2666,4,27,99,52,79,1920,1080,3
3.0,1741,2199,64,6400,2,2,10,5,8,3840,2160,2
2.5,3686,23911,64,3000,8,3341,11842,6421,9527,2560,1440,0
3.0,3499,26424,16,6000,2,48,160,85,130,2560,1440,2
3.8,4607,25470,64,6000,2,1,3,2,3,3840,2160,2
3.0,3801,25523,4,3600,4,874,3147,1477,2463,2560,1440,3
4.0,1647,6265,32,2666,2,100,344,177,281,3840,2160,2
3.2,1664,8569,32,2400,4,1,3,1,2,3840,2160,2
4.3,4495,65532,8,5600,4,10,33,18,28,2560,1440,3
3.0,4729,64532,64,6000,2,117,428,210,323,2560,1440,2
1.5,887,2296,4,5200,6,1671,5930,3047,4797,1920,1080,3
4.0,1624,1559,8,5600,4,1,4,1,2,3840,2160,2
3.33,1569,3617,64,5600,2,27,102,52,77,1920,1080,2
2.5,3735,17614,16,1600,8,2661,8991,4436,7520,3840,2160,3
3.2,2537,13326,64,2133,2,2,6,3,6,1920,1080,2
3.0,4751,65365,32,2133,2,1,4,2,3,1920,1080,3
3.0,3286,90699,8,1600,2,71,254,131,200,2560,1440,3
3.0,3290,53688,16,3600,4,570,2011,1006,1546,2560,1440,2
3.0,3707,24823,4,6400,2,62,221,110,179,3840,2160,3
3.0,1357,1740,16,4800,2,43,154,76,121,2560,1440,2
3.0,4058,38745,16,6000,2,41,145,73,117,1920,1080,2
3.3,2609,27885,64,2400,4,27,98,47,75,1920,1080,2
3.0,3426,29244,16,2666,2,0,3,2,2,2560,1440,2
2.9,1294,1284,64,1600,2,95,328,168,280,3840,2160,3
2.3,819,697,16,2400,2,1,4,1,2,3840,2160,2
1.9,2431,14812,16,6400,2,1,4,1,2,3840,2160,2
3.0,3806,35858,32,3000,2,128,432,219,340,2560,1440,2
1.5,1159,3057,8,6000,2,8,29,13,22,3840,2160,2
3.7,2746,7588,4,1600,2,5,18,8,13,3840,2160,3
2.3,952,1782,64,4800,2,84,313,160,238,3840,2160,2
3.5,1389,2648,64,2133,2,132,498,256,388,2560,1440,2
3.0,3419,25739,8,4800,6,1572,5671,2851,4326,1920,1080,3
3.7,2549,22025,8,4800,2,242,862,475,701,1920,1080,3
1.8,368,301,4,1600,2,11,40,20,30,3840,2160,3
2.6,898,814,8,3600,4,534,1723,902,1507,3840,2160,2
3.0,4574,57417,32,3200,8,2287,7925,3927,6127,2560,1440,2
2.9,1691,2297,16,2666,8,2316,7632,3970,6545,1920,1080,0
3.0,3875,24205,32,6000,2,2,6,3,5,2560,1440,2
2.6,978,1028,8,6000,2,44,161,82,138,3840,2160,2
2.7,2123,6173,4,6400,2,20,73,39,61,3840,2160,3
2.9,1742,3347,32,5600,2,130,480,237,386,1920,1080,2
3.06,1173,1147,64,5600,2,21,74,41,62,1920,1080,2
3.0,3640,19943,64,2133,2,7,28,14,21,1920,1080,2
2.67,1252,2988,8,5600,2,1,4,2,2,3840,2160,2
2.4,1385,2018,64,3600,4,659,2213,1191,1871,1920,1080,0
3.0,3605,138815,4,3600,2,22,73,40,62,1920,1080,3
2.3,3454,13189,4,6400,6,1759,6086,3342,5217,3840,2160,3
3.3,2882,13623,16,2133,2,6,25,13,20,1920,1080,2
3.0,4672,170635,8,3600,2,64,229,114,178,3840,2160,3
1.83,336,257,32,6400,2,282,960,506,746,1920,1080,0
3.5,1874,2455,16,2666,8,2207,7665,3964,5976,1920,1080,0
2.7,1753,2185,8,2133,8,2287,8161,4169,6627,2560,1440,0
2.2,774,1871,8,3000,4,694,2315,1202,1908,2560,1440,0
2.2,492,519,32,3000,2,237,792,437,626,1920,1080,0
3.2,596,260,16,2666,24,9534,32943,16254,26002,1920,1080,1
3.0,1992,14802,16,5200,6,1192,4333,2109,3458,1920,1080,0
3.0,3377,35921,64,3000,16,8997,29725,15756,25944,1920,1080,1
3.2,1129,1216,32,6400,4,847,2954,1535,2403,2560,1440,0
3.2,2169,5453,32,4800,8,3299,11433,5834,9402,1920,1080,0
2.9,2059,5218,8,2666,8,3048,10665,5243,8242,2560,1440,0
2.4,1055,1927,16,6400,2,494,1648,887,1309,1920,1080,0
3.0,1683,3972,32,5600,12,1792,6056,3258,4845,3840,2160,0
2.6,1066,2115,16,3600,8,1517,5116,2761,4267,2560,1440,0
3.0,3955,23928,16,3200,12,1907,6771,3702,5474,1920,1080,0
2.2,906,726,16,2666,2,450,1621,834,1226,1920,1080,0
2.5,4809,57287,16,3200,8,3028,10235,5628,8631,2560,1440,0
3.2,1215,4917,16,6400,12,2546,8514,4745,6826,1920,1080,1
3.0,3949,30912,16,2133,8,2314,7744,3935,6279,1920,1080,0
2.33,939,901,8,4800,4,726,2507,1333,2084,2560,1440,0
2.4,1336,1539,64,3600,6,1070,3602,1851,2852,2560,1440,0
2.6,1377,1520,32,2666,12,7274,25401,12692,20512,3840,2160,1
2.5,1447,3170,16,4800,8,2570,8841,4851,7098,3840,2160,0
1.6,515,561,16,3000,12,3469,11791,6241,10163,1920,1080,1
3.9,1636,3494,64,4800,12,4655,16253,8335,13346,1920,1080,1
3.6,426,315,16,2666,8,2085,7383,3790,5857,3840,2160,0
1.5,846,2210,8,2666,8,858,3033,1596,2466,1920,1080,0
2.5,985,1246,32,3600,8,2495,9081,4333,7007,3840,2160,0
2.3,2262,9710,16,6400,12,7187,24566,13065,21073,1920,1080,1
4.0,1507,3044,64,4800,4,1295,4802,2453,3768,3840,2160,0
3.0,3528,27033,16,2133,16,6693,22427,11518,18354,1920,1080,1
4.0,2579,9312,32,5200,8,2548,9104,4550,6889,3840,2160,0
1.7,258,101,32,2400,12,5418,18895,10281,15702,3840,2160,1
1.8,722,1466,32,4800,6,1115,3939,2002,3160,3840,2160,0
2.9,1117,1669,32,3000,6,1034,3511,1782,2803,2560,1440,0
3.6,2115,7535,16,4800,8,2653,8890,4558,7585,3840,2160,0
1.4,277,197,32,2133,8,1242,4786,2432,3712,2560,1440,1
3.2,1289,2525,32,6000,6,1667,5909,3229,4775,3840,2160,0
1.46,276,191,64,3200,6,1012,3844,1844,2851,3840,2160,0
3.0,4820,65591,64,5600,8,2989,9942,5495,8489,2560,1440,0
3.1,2107,5065,8,3000,8,2476,8721,4157,6602,3840,2160,0
3.9,3199,6908,32,2133,8,2356,8337,4479,6467,1920,1080,0
3.07,1510,3341,16,4800,8,2132,8151,3926,6315,3840,2160,0
3.4,1753,4145,64,5600,8,2207,7130,3934,5912,3840,2160,0
2.3,939,1713,8,4800,6,996,3664,1910,2824,2560,1440,0
3.0,2390,7734,64,3200,16,2273,8014,4154,6690,3840,2160,0
3.2,1452,2759,8,4800,8,2523,8154,4529,6777,2560,1440,0
3.6,2291,14293,16,2133,8,2294,8069,4079,6642,1920,1080,0
3.5,2244,7180,16,6400,8,1802,6496,3307,5080,1920,1080,0
3.1,2377,5394,16,2400,8,2828,9731,5206,7892,3840,2160,0
2.9,1699,3150,64,3600,8,2358,7968,4291,6665,1920,1080,0
3.7,2021,3511,8,4800,6,1843,6513,3430,5038,1920,1080,0
2.4,476,371,16,5600,16,1292,4946,2374,3958,2560,1440,0
2.6,587,350,8,3600,4,566,1924,986,1484,2560,1440,0
3.2,3251,22357,16,2400,12,5252,18167,9554,14511,2560,1440,0
3.0,2000,4734,64,6000,8,2398,8530,4326,6978,3840,2160,0
4.0,2425,8214,16,2133,12,1895,6229,3175,5003,2560,1440,0
1.6,643,631,8,3600,8,1947,6447,3291,5253,1920,1080,1
3.8,3126,19410,32,6000,8,1812,6757,3544,5194,1920,1080,0
3.4,1830,4138,8,6000,6,1084,3716,1959,2983,1920,1080,0
2.7,1001,2209,8,5200,6,1783,6073,3113,4764,3840,2160,0
3.6,1659,2658,32,2400,8,2184,7725,3624,6052,3840,2160,0
1.7,3720,22273,16,3200,8,4225,14056,7235,10855,1920,1080,0
1.8,379,295,32,6400,2,171,637,324,489,1920,1080,0
2.5,1008,1459,8,5200,8,3121,11606,5593,9220,1920,1080,1
2.8,1057,1080,32,5600,8,3149,11608,5584,8912,3840,2160,0
2.5,1284,2386,32,4800,8,2901,10221,5495,8741,1920,1080,1
3.6,2093,3520,32,4800,12,2354,7961,4378,6827,1920,1080,0
2.8,1090,2272,32,5200,8,2540,9235,4478,7475,1920,1080,1
2.93,280,153,16,5200,12,1806,6387,3189,4880,3840,2160,1
3.0,1207,1063,64,6400,8,3711,12736,6736,10337,2560,1440,1
3.2,1211,1332,8,6000,4,589,2040,1028,1720,1920,1080,0
3.33,590,243,32,2133,4,910,3332,1653,2567,3840,2160,0
1.5,852,1576,16,6000,12,6057,19873,10710,16414,1920,1080,1
3.3,1873,2316,64,3600,6,1016,3510,1736,2793,1920,1080,0
3.0,3860,91380,16,3600,8,3092,10498,5557,8892,1920,1080,0
2.41,662,982,64,5600,16,6902,22813,11920,17574,2560,1440,1
3.6,2258,7319,64,5200,4,932,3394,1631,2756,1920,1080,0
3.06,1248,1093,16,2400,16,5596,18711,9701,14955,2560,1440,1
1.7,1566,2358,8,6000,8,2254,7894,3805,6008,2560,1440,0
3.5,2800,24715,16,5600,8,2609,9757,4729,7569,2560,1440,0
1.8,663,602,8,4800,6,1154,4413,2174,3439,2560,1440,0
3.6,1335,1497,8,5600,6,1945,6937,3422,5239,2560,1440,0
3.1,1917,6531,16,3600,16,7811,26630,14812,22846,1920,1080,1
1.0,527,562,64,2400,8,2230,7423,3875,5890,1920,1080,1
2.5,1494,3122,16,3600,12,1320,4426,2428,3589,2560,1440,0
2.4,1986,5995,64,5600,12,2235,8316,4128,6556,1920,1080,0
2.7,1077,2118,32,6400,6,1570,5901,2854,4571,3840,2160,0
2.6,1021,1754,8,5600,6,1035,3573,1819,2888,3840,2160,0
2.5,898,700,64,6000,10,4370,14787,8128,13039,2560,1440,1
3.5,2337,6801,16,3600,8,2167,8097,4224,6167,1920,1080,0
4.0,3741,13531,16,3200,8,2546,9127,4517,7562,2560,1440,0
2.4,980,872,16,5200,4,850,2890,1499,2288,2560,1440,0
1.5,1010,2806,32,6000,6,1132,4085,2044,3062,1920,1080,0
3.3,1669,4419,32,3200,6,1958,6644,3488,5176,2560,1440,0
1.4,187,81,16,4800,16,2562,9513,4928,7710,1920,1080,1
2.2,1704,5521,32,2400,12,3244,12389,6377,9611,3840,2160,0
3.0,1831,2913,8,2133,4,751,2807,1322,2203,1920,1080,0
3.73,543,397,32,3600,6,980,3451,1848,2774,1920,1080,1
3.1,1225,1173,64,2666,6,1636,5628,2996,4587,2560,1440,0
2.7,1073,983,16,2400,4,852,3122,1475,2382,1920,1080,0
2.0,406,242,8,2133,6,1660,6159,2980,4853,2560,1440,1
3.7,1645,1714,64,2666,4,905,3403,1678,2542,1920,1080,0
2.5,1021,2004,16,6000,8,2806,9861,5053,8470,3840,2160,0
3.0,3630,27798,64,3600,16,5472,19255,10013,15157,1920,1080,0
2.7,1035,951,64,6000,12,5606,19777,10115,17006,2560,1440,1
3.6,2102,8481,32,2666,16,6396,23288,11735,18045,2560,1440,1
2.5,881,765,8,3600,4,822,2871,1511,2428,2560,1440,0
2.9,1561,1893,64,2400,12,5724,19289,10532,16385,1920,1080,1
3.5,1447,1452,32,3600,4,645,2368,1151,1882,1920,1080,0
2.93,1403,3185,32,3000,6,1491,4876,2721,4120,3840,2160,0
2.3,949,1716,32,2666,8,3075,10394,5775,8399,1920,1080,1
3.0,1890,2346,16,6400,8,2511,8688,4479,6523,2560,1440,0
2.0,2611,12335,64,3000,8,2570,9498,4603,7487,3840,2160,0
3.0,3191,28433,32,4800,8,3161,11295,5660,8994,2560,1440,0
3.46,699,375,64,2400,16,4837,16859,8140,13242,2560,1440,1
3.0,4404,24661,32,2133,12,5430,18712,10325,16122,3840,2160,0
2.13,799,747,8,5600,8,2290,7558,3884,5906,2560,1440,1
3.0,3684,24510,16,5200,8,3583,13024,6477,10451,2560,1440,0
2.6,1019,1029,8,2400,2,462,1599,846,1309,1920,1080,0
3.4,1382,1370,32,6400,8,3607,13249,6376,10673,1920,1080,1
2.3,786,4072,32,5600,8,2276,8185,4152,6930,1920,1080,1
3.6,3065,19147,16,4800,12,7538,26914,14019,21073,1920,1080,1
3.5,2369,23623,16,3200,8,2388,8529,4015,6282,3840,2160,0
1.66,240,188,32,2400,4,872,2933,1473,2335,1920,1080,1
1.8,693,1368,16,3600,4,587,2082,1108,1738,1920,1080,0
1.8,648,292,64,4800,12,4187,14812,8093,12068,1920,1080,1
3.3,2271,7364,16,5600,10,3000,10625,5775,8215,2560,1440,0
2.8,525,460,16,3200,2,293,1080,572,885,1920,1080,0
3.3,2159,6317,64,3600,12,5323,18362,9919,15172,3840,2160,0
2.6,1166,3130,32,3200,8,1523,5330,2842,4143,2560,1440,0
3.1,1548,3411,32,6400,12,1280,4125,2126,3296,2560,1440,0
2.1,4317,36338,32,3200,24,6354,22848,11371,17971,3840,2160,0
2.7,1255,3179,64,5200,8,2163,7151,3786,6115,2560,1440,0
2.8,976,918,8,2666,6,1567,5392,2774,4627,2560,1440,0
3.7,2334,16823,8,3600,8,2027,7473,3817,6055,1920,1080,0
2.9,1327,1337,64,3000,8,1944,7248,3647,5493,2560,1440,0
1.5,266,183,64,3000,8,2723,9276,4513,7726,2560,1440,1
2.3,764,1620,32,5200,6,1392,4788,2530,4025,3840,2160,0
3.0,3857,32407,16,6000,6,1681,5568,3040,4562,1920,1080,0
1.86,756,709,64,2133,4,784,2995,1449,2200,1920,1080,0
3.3,1367,2648,64,4800,12,3699,14083,6975,10917,2560,1440,0
2.3,914,1825,64,3600,6,1106,3988,2102,3326,3840,2160,0
3.0,3265,23793,32,5200,16,3474,12842,6210,10478,3840,2160,0
3.7,3115,22184,16,2400,12,3994,14113,6968,11931,1920,1080,0
3.4,1407,2548,8,2666,8,2206,7355,3921,5991,2560,1440,0
2.6,567,339,32,5200,16,8143,29129,15429,22191,3840,2160,1
3.4,3649,43102,64,3600,12,5459,19221,9869,15422,3840,2160,0
2.3,772,697,64,5200,8,2665,10133,5243,7922,1920,1080,1
3.0,4171,32105,16,6000,12,4362,15890,8174,12762,2560,1440,0
3.4,1745,4167,64,3600,8,2668,8964,4553,7519,2560,1440,0
2.0,1461,4038,32,2133,8,1738,6037,3081,5110,1920,1080,0
2.8,1059,1111,64,2133,8,3064,10867,5563,8159,1920,1080,1
2.8,2192,5130,16,5200,8,1771,5637,2922,4964,3840,2160,0
2.0,687,601,32,6000,4,778,2822,1395,2171,3840,2160,0
3.2,1907,7871,32,3600,8,2860,9835,4712,7357,3840,2160,0
2.2,870,891,32,3600,8,807,3045,1534,2264,1920,1080,0
3.9,1581,3594,16,2133,6,1426,4657,2355,3761,3840,2160,0
2.3,674,615,32,3200,6,1740,6204,3142,4954,2560,1440,0
3.83,233,148,64,3000,2,254,921,459,761,3840,2160,0
3.0,3708,34260,16,3200,24,7120,23713,12801,18813,2560,1440,0
3.4,1353,1505,64,6000,4,764,2593,1333,2203,1920,1080,0
3.9,3302,20568,16,4800,8,3599,12995,6808,10430,1920,1080,0
3.4,3732,22011,16,3000,8,2374,8985,4578,7194,1920,1080,0
2.93,1344,3103,32,5200,16,4555,15475,8192,12230,1920,1080,1
2.0,726,661,32,6000,24,1181,4502,2269,3344,1920,1080,0
2.5,3246,20777,64,5600,12,5576,19669,10339,15442,1920,1080,0
2.0,423,243,8,6000,6,1592,5451,2885,4403,3840,2160,0
2.8,1419,3359,8,5200,8,1347,4362,2277,3534,2560,1440,0
3.0,4159,23529,16,2666,24,9551,30765,15745,26072,2560,1440,0
2.7,880,881,64,4800,4,589,2080,1099,1615,2560,1440,0
3.0,3531,23924,16,6400,12,5088,17684,9228,13826,3840,2160,0
3.6,1300,2679,32,6400,8,1830,6573,3293,4859,1920,1080,0
3.2,1824,3754,32,3000,8,966,3305,1807,2779,1920,1080,0
3.0,1794,3031,16,6400,8,3302,12245,5976,9446,3840,2160,0
3.0,5015,54588,32,6400,16,4571,16220,7912,12399,3840,2160,0
3.0,3138,60020,64,3000,8,3501,12526,6333,10105,3840,2160,0
3.0,4489,38043,32,3200,16,2835,9975,5116,7942,2560,1440,0
3.0,2619,13414,16,3600,8,2390,8341,4361,6849,1920,1080,0
3.4,2254,6966,8,2133,8,1736,5989,3083,4876,2560,1440,0
1.8,305,96,16,3000,2,254,839,429,734,1920,1080,0
1.9,1544,3486,8,5600,8,3100,10427,5246,8561,1920,1080,1
3.7,3758,24907,16,3200,8,2768,9139,5002,7320,2560,1440,0
2.1,708,603,8,3000,6,1171,4272,2096,3163,1920,1080,0
3.5,2095,6217,16,6400,8,3034,10699,5734,8636,3840,2160,0
2.9,1296,1459,16,6400,8,3143,10603,5755,8236,1920,1080,1
1.8,1110,2728,32,2666,6,1158,4080,2232,3411,3840,2160,0
2.8,1760,4536,64,3200,16,5238,18984,9076,14040,3840,2160,0
2.4,541,312,8,6000,6,992,3551,1862,2855,1920,1080,1
1.6,476,258,8,5600,6,1104,3970,2023,3095,2560,1440,0
2.0,786,1625,64,2666,4,952,3465,1750,2638,3840,2160,0
3.5,2396,7324,8,2400,8,3122,11405,5583,8764,2560,1440,0
4.3,2609,9447,8,6400,8,3523,12302,6164,9565,2560,1440,0
3.2,1384,1694,64,2400,16,2203,7793,4241,6108,2560,1440,0
3.0,3485,29287,16,4800,8,3902,12832,6832,10770,1920,1080,0
1.6,393,311,16,4800,6,1277,4441,2327,3531,1920,1080,1
2.66,1037,2119,16,3600,8,3863,13078,6836,10928,2560,1440,1
2.3,641,420,64,3600,12,2857,10179,5385,8583,2560,1440,1
2.7,1095,1115,16,5200,16,2910,10219,5430,8535,2560,1440,0
3.0,1207,3351,16,6400,12,4974,17681,9438,13429,2560,1440,1
3.0,2339,8023,8,3000,6,1490,5422,2807,4341,2560,1440,0
3.1,1747,2476,64,3200,6,1248,4448,2231,3688,2560,1440,0
3.0,3281,45269,32,3200,8,1929,6274,3220,5439,1920,1080,0
3.0,3566,20215,32,2133,12,7157,25129,11964,18648,1920,1080,1
2.0,822,572,32,5600,4,999,3363,1760,2796,1920,1080,0
3.2,457,221,16,4800,8,2560,8910,4423,6915,2560,1440,1
2.6,1061,2231,8,6400,8,1803,6189,3444,5421,1920,1080,0
2.9,1386,3088,8,6400,8,3102,10071,5603,8724,2560,1440,0
2.6,3058,16066,32,4800,6,1893,6592,3222,4973,2560,1440,0
3.4,1300,1316,8,3600,6,1136,3954,2014,3186,2560,1440,0
1.4,264,189,8,2666,2,304,1069,555,859,3840,2160,0
3.2,590,267,64,2133,11,3606,12097,6101,9426,1920,1080,1
2.3,908,1255,64,4800,4,837,3077,1451,2277,3840,2160,0
4.0,1578,3730,16,2666,8,2682,9340,4758,7604,1920,1080,0
3.2,527,334,64,3600,12,7380,24228,13293,19669,1920,1080,1
3.7,1695,3904,32,6000,16,3920,14527,7413,11309,2560,1440,0
2.2,942,1894,8,5200,8,3606,12998,6671,10706,2560,1440,1
3.0,3667,29553,16,5600,8,2475,8990,4548,6726,2560,1440,0
3.6,3171,12970,64,2133,8,2761,9619,4888,7223,2560,1440,0
2.4,917,1435,32,4800,16,5615,20572,10484,16429,3840,2160,1
3.4,1389,1207,64,2400,6,1763,6671,3266,5133,3840,2160,0
3.2,1337,1182,32,2133,8,2405,8650,4240,6545,2560,1440,0
3.5,1569,1686,16,5200,8,1438,5270,2606,4358,2560,1440,0
3.0,1353,1632,32,3600,4,6729,23522,12763,19313,1920,1080,1
2.9,1646,1859,16,3000,24,4989,18122,9448,13986,1920,1080,1
2.6,476,228,32,2133,4,915,3195,1608,2488,1920,1080,1
2.7,1082,1038,32,6000,8,2234,7678,4081,6210,3840,2160,0
2.2,759,647,32,6000,16,3005,9836,5302,8380,2560,1440,1
3.6,3254,22322,32,2666,12,4687,17562,8593,13844,3840,2160,0
2.8,1133,2176,32,4800,4,816,2953,1483,2395,2560,1440,0
4.0,2423,4661,32,3600,8,1823,6940,3488,5360,2560,1440,0
1.5,855,2178,16,2666,6,1171,4033,2145,3336,1920,1080,0
2.67,1175,2931,16,6400,4,757,2797,1432,2171,2560,1440,0
3.8,1569,3097,64,6000,8,1661,6152,3194,4673,1920,1080,0
2.9,1739,2318,16,5600,16,7052,25422,12858,18707,2560,1440,1
2.9,1809,3051,32,4800,8,2944,10136,5022,7790,2560,1440,0
3.0,3169,51629,16,3000,16,7924,27674,14196,23991,1920,1080,1
2.8,1148,1074,8,2133,8,2060,7604,4010,5697,1920,1080,0
1.4,526,712,16,6000,8,2506,9490,4648,7641,1920,1080,1
3.3,1406,2451,16,6000,6,1684,5977,3087,4789,3840,2160,0
3.8,2639,17597,64,3200,12,2330,8336,4451,6520,1920,1080,0
2.93,1330,3081,8,6400,8,948,3466,1815,2767,2560,1440,0
2.0,252,224,32,4800,2,131,476,226,375,1920,1080,0
2.8,2377,3579,64,5200,12,5579,20908,10350,15659,1920,1080,1
1.3,470,1206,16,2133,4,955,3218,1708,2721,3840,2160,0
2.6,1114,1657,64,6000,8,2809,10133,5155,8012,3840,2160,0
4.0,1622,3222,32,5200,6,2014,6448,3424,5463,1920,1080,0
2.6,1047,2034,64,3200,12,5842,19867,9877,16295,1920,1080,1
2.7,1074,1102,64,6400,32,14749,49268,25406,39148,1920,1080,1
3.0,3512,23747,32,4800,6,1557,5753,2815,4654,1920,1080,0
3.06,1146,1133,32,3200,12,5204,18638,9456,14824,2560,1440,1
2.4,476,403,32,2666,16,2224,7342,3771,6035,2560,1440,1
3.1,1480,3143,64,2666,12,1285,4690,2393,3811,3840,2160,0
3.0,3523,34361,32,5600,8,2384,8296,4142,6716,2560,1440,0
1.5,846,2139,8,6400,6,1697,5714,2819,4628,3840,2160,0
3.6,2237,8674,64,3000,8,3984,13282,7211,10928,2560,1440,0
4.0,2418,4143,16,2400,6,980,3481,1729,2838,1920,1080,0
3.7,4108,46332,16,6400,6,1837,6553,3494,5237,1920,1080,0
3.2,3205,20946,64,2133,12,4198,14222,7351,11436,2560,1440,0
2.5,879,817,16,3600,4,599,2073,1092,1644,2560,1440,0
3.2,1657,7994,32,4800,8,2206,7259,3749,5921,2560,1440,0
2.7,1575,3301,8,3600,8,1877,6578,3227,5012,2560,1440,0
3.0,3645,26234,64,3000,8,1914,6367,3319,5255,1920,1080,0
2.9,1696,1983,64,6400,16,6732,24073,12715,18761,1920,1080,1
2.9,1807,2432,16,6400,12,7287,24912,12983,19134,2560,1440,1
1.8,706,641,8,2400,2,382,1332,630,1054,1920,1080,0
2.7,1033,523,16,4800,4,787,2792,1490,2316,2560,1440,0
3.0,1127,1178,16,5600,8,2221,7471,3939,6448,3840,2160,0
3.0,500,308,32,3200,6,938,3051,1667,2489,2560,1440,0
2.2,910,1620,32,5200,4,784,2862,1438,2354,1920,1080,0
3.33,1594,6839,64,2133,8,2312,7705,3857,6022,1920,1080,0
3.5,2172,8539,16,6000,8,2756,8902,4952,7032,2560,1440,0
3.6,1996,3341,16,3000,8,1408,5406,2629,3981,2560,1440,0
3.6,791,782,8,2400,4,631,2210,1126,1766,1920,1080,0
3.0,4434,59710,64,3200,12,4029,14141,7781,11218,1920,1080,0
3.0,2971,31768,16,4800,8,2714,9521,4667,7517,2560,1440,0
2.41,646,519,64,4800,8,1404,5060,2664,4087,3840,2160,0
2.4,654,341,16,6000,16,2739,9414,4669,7271,2560,1440,1
3.0,3297,71502,64,3600,16,1572,5292,2806,4364,1920,1080,0
2.9,1532,1644,32,5200,8,3934,13617,7173,10477,1920,1080,1
1.53,314,201,16,2400,8,2257,8422,4058,6206,2560,1440,1
2.41,653,527,32,3000,6,1322,4867,2382,3906,3840,2160,0
2.0,409,233,8,5600,4,600,2053,1037,1652,2560,1440,0
2.26,428,152,32,6400,12,4582,16262,8584,12952,2560,1440,1
3.3,1445,3792,32,3000,8,771,2615,1418,2115,1920,1080,0
3.6,2542,17237,16,3000,12,4060,14692,7100,10834,2560,1440,0
3.2,1918,2475,8,3200,8,2236,7388,3710,6098,2560,1440,0
3.0,3968,42305,16,3000,8,2460,8749,4360,7057,1920,1080,0
2.5,1043,883,32,3200,2,487,1689,834,1388,1920,1080,0
2.5,852,711,8,4800,6,1521,5040,2728,4084,3840,2160,0
1.4,3746,27685,32,6400,8,2480,8388,4412,6798,1920,1080,0
3.16,1334,2651,16,3200,6,1420,5217,2435,4146,2560,1440,0
2.66,1180,2163,8,3200,8,1650,5564,2870,4547,3840,2160,0
2.9,1516,3495,64,6400,6,1871,5983,3338,5183,3840,2160,0
3.5,4026,22663,64,2133,12,1822,6602,3398,5254,1920,1080,0
3.3,3532,45449,32,4800,12,5908,20062,10321,16608,1920,1080,0
2.3,1863,4481,32,2400,16,4226,15058,7795,11772,2560,1440,0
2.0,831,1022,16,3000,6,1768,6327,3305,4754,3840,2160,0
3.4,1219,1298,64,2133,16,3528,12891,6164,9780,1920,1080,1
1.6,3556,22232,64,2666,8,3509,12164,6410,9856,3840,2160,0
3.3,1375,2736,8,6000,6,987,3482,1860,2925,2560,1440,0
3.3,2409,21285,16,2400,8,3887,13114,7079,10784,1920,1080,0
3.2,1415,2577,64,2133,8,2398,8701,4181,6598,2560,1440,0
3.2,4870,60960,16,3000,12,7336,26465,13350,20917,2560,1440,0
3.3,2243,9782,64,3000,32,9539,34316,17226,27664,3840,2160,0
2.1,4184,42451,32,5200,16,7828,27522,14596,22554,1920,1080,1
2.1,2468,12813,64,5600,8,3654,13233,6853,10311,2560,1440,0
1.8,3863,27782,16,3000,12,5614,21187,10516,16751,1920,1080,0
2.8,1162,1085,16,2133,8,2986,10756,5451,9005,3840,2160,0
2.0,529,292,64,3200,8,3433,11660,6114,9282,1920,1080,1
2.3,595,404,16,6400,2,337,1120,605,877,1920,1080,0
1.6,266,362,16,6000,2,261,949,483,747,1920,1080,0
3.0,3939,49659,64,6400,8,2803,9660,5299,7479,2560,1440,0
3.0,3538,27285,16,5200,8,2068,7529,3810,6045,1920,1080,0
3.2,2191,7515,16,5200,6,1569,5528,2990,4367,1920,1080,0
3.5,1855,2526,16,3600,32,10146,37115,19406,28383,2560,1440,1
1.8,658,290,16,5200,4,745,2493,1288,2052,1920,1080,0
2.4,2418,11593,64,6000,8,3046,10551,5530,8442,2560,1440,0
1.8,336,341,16,2666,8,3044,10881,5510,9302,2560,1440,1
1.9,517,301,16,3200,6,866,2981,1585,2608,1920,1080,0
3.4,1956,3330,64,3200,32,13966,53625,30254,60803,2560,1440,1
2.9,1686,3237,32,2666,10,2051,6786,3530,5368,2560,1440,0
3.0,1221,1185,64,5200,16,4115,14116,7726,11256,1920,1080,1
2.7,1808,4404,8,4800,4,730,2700,1288,2074,1920,1080,0
2.2,814,716,64,2133,4,947,3363,1691,2681,2560,1440,0
3.8,2162,4205,8,2666,8,2218,7933,3911,6452,1920,1080,0
2.5,398,160,16,6400,2,289,942,493,811,1920,1080,0
2.93,1114,2303,64,2666,8,1964,6891,3491,5785,2560,1440,0
2.0,407,242,16,4800,2,403,1419,738,1102,2560,1440,0
3.0,3672,27346,64,3000,8,2285,7625,3939,6076,1920,1080,0
3.0,3995,39985,16,3600,8,1715,5940,3214,5022,1920,1080,0
2.0,821,1003,32,3600,4,708,2448,1253,1917,3840,2160,0
3.8,1563,1503,8,2666,6,1681,5434,2871,4776,1920,1080,0
3.6,2742,13878,32,4800,12,1761,6357,3170,5168,1920,1080,0
4.1,1643,3280,32,6000,4,698,2576,1294,2072,1920,1080,0
2.6,1095,2119,64,3000,12,7565,25247,12830,20841,1920,1080,1
2.1,950,1103,8,4800,8,4031,14350,7615,10909,3840,2160,0
3.0,4442,60044,64,6400,11,3659,13327,6515,10535,1920,1080,0
2.5,962,1175,8,5200,8,3244,11327,5713,8841,3840,2160,0
2.8,1097,972,64,5600,4,729,2665,1385,2053,2560,1440,0
3.46,498,299,64,3200,2,326,1089,590,934,2560,1440,0
3.3,2262,7046,64,2400,8,2835,9450,4915,7905,1920,1080,0
3.3,1351,3643,16,2666,6,1039,3545,1848,3075,1920,1080,0
2.2,891,1727,16,6000,4,827,2705,1508,2268,2560,1440,0
3.6,1220,2632,64,2133,8,4014,13091,6960,11234,3840,2160,0
2.7,1272,1401,64,3000,8,3025,10402,5184,8014,3840,2160,0
3.0,1779,2396,16,3200,8,2637,9258,4812,7192,3840,2160,0
3.9,1600,3452,32,3000,8,2693,9217,4693,7886,3840,2160,0
3.0,3570,109105,32,6400,12,5116,18341,9474,14875,2560,1440,0
2.1,787,1160,64,5600,8,3315,11366,5504,8837,2560,1440,1
1.9,647,560,64,3000,2,376,1330,645,1014,1920,1080,0
3.0,3324,40872,32,5200,12,2299,8278,4067,6462,1920,1080,0
3.0,4192,33383,64,5200,12,3901,13123,7089,10720,3840,2160,0
2.4,1068,1128,32,6400,4,650,2183,1165,1750,2560,1440,0
2.93,1231,1141,64,6400,6,1028,3711,1813,2955,2560,1440,0
3.0,3850,62346,64,3600,8,2403,8122,4343,6461,2560,1440,0
1.6,226,80,32,3200,2,194,669,351,535,1920,1080,0
1.7,620,616,16,5200,4,756,2618,1382,2158,1920,1080,0
3.5,1469,1629,64,3200,8,2454,8667,4433,7040,3840,2160,0
1.6,669,1447,64,3000,2,420,1504,760,1212,1920,1080,0
3.0,1192,2270,32,3000,6,1916,6487,3266,5194,2560,1440,0
2.67,1184,2587,64,3200,12,2197,7937,4027,6413,3840,2160,0
3.2,2091,4990,64,3200,8,1747,6319,3020,5099,1920,1080,0
3.83,230,156,32,3600,2,444,1582,855,1293,3840,2160,0
1.5,4309,36788,64,4800,8,3780,12231,6637,9891,1920,1080,0
3.5,1448,1366,32,2400,8,2862,9978,5314,8167,2560,1440,0
2.5,1126,1576,16,6400,8,3735,13771,6920,10685,1920,1080,1
3.7,1553,3595,16,6400,6,1345,4801,2409,3933,1920,1080,0
2.3,1082,1119,64,6000,8,3887,13365,6812,10900,3840,2160,0
3.9,1614,3476,32,5200,8,2026,6888,3621,6045,3840,2160,0
2.5,1107,1999,8,6400,6,1030,3713,1827,2912,3840,2160,0
3.7,2436,16655,64,2400,8,2617,8655,4795,7164,3840,2160,0
2.8,1522,1762,16,5600,8,2198,7757,4113,6553,2560,1440,0
1.9,2581,14485,16,5200,8,1812,6197,3138,4913,2560,1440,0
3.2,1877,3143,32,5600,12,6838,25756,13162,19995,2560,1440,1
3.9,1504,3414,64,6000,6,1433,4966,2577,4320,2560,1440,0
1.7,641,623,16,5600,8,3098,10902,5459,8540,1920,1080,1
1.58,302,205,64,2133,4,518,1763,944,1448,1920,1080,0
2.41,638,564,8,2666,8,3312,10678,5554,9206,2560,1440,1
3.6,1408,1351,64,5200,11,2337,7613,4029,6414,1920,1080,0
3.5,1993,10524,16,3200,4,1014,3474,1734,2733,1920,1080,0
3.7,4066,47430,64,6400,24,5090,17362,9698,15204,1920,1080,0
2.1,2484,13426,64,2666,12,5743,20051,10795,16186,1920,1080,1
4.45,4058,25483,64,5200,32,13820,60678,33507,67579,1920,1080,1
2.3,2417,9559,16,2666,8,3478,11593,6490,9453,1920,1080,0
1.9,295,100,16,5600,6,1337,4782,2341,3696,1920,1080,1
2.1,1161,2073,16,2133,8,3533,12812,6331,10026,1920,1080,1
1.5,829,2229,32,5200,12,4810,16496,8629,13168,1920,1080,1
3.7,2399,17741,32,5600,8,3616,11999,6035,10058,1920,1080,0
2.1,846,1169,16,6000,12,5426,19733,10061,14478,1920,1080,1
1.33,310,390,64,6000,2,355,1253,655,1018,2560,1440,0
2.4,1003,1482,32,5600,4,562,1893,942,1515,1920,1080,0
3.2,1452,2689,32,2133,12,4616,16536,8943,13442,2560,1440,1
3.2,1316,2412,32,4800,6,1951,6852,3313,5350,3840,2160,0
2.0,644,592,32,3200,12,1684,6405,3226,4799,1920,1080,1
2.2,781,445,32,2666,16,4248,14844,7459,11210,1920,1080,1
2.41,721,1297,64,3200,4,628,2350,1187,1846,2560,1440,0
2.4,986,946,32,2666,12,2697,8676,4690,7137,1920,1080,1
2.9,1886,4495,64,3600,8,3186,12065,6180,9728,2560,1440,0
2.6,506,393,8,3200,4,570,2162,1063,1605,2560,1440,0
3.1,2603,31148,64,5200,6,1577,5683,2921,4591,1920,1080,0
3.0,1634,3016,32,3200,12,6662,23718,11857,19506,3840,2160,0
3.2,1691,8118,8,3600,8,2566,9068,4484,7288,1920,1080,0
1.99,447,950,16,2133,2,301,991,545,805,1920,1080,0
3.0,1336,1585,32,6000,8,2316,7838,4370,6527,3840,2160,0
2.7,1704,1996,64,5200,12,4832,17550,8244,13196,3840,2160,0
1.4,3683,27727,64,2133,8,3748,12947,6614,10000,1920,1080,0
2.5,906,1701,64,6000,4,609,2235,1145,1729,1920,1080,0
2.0,1059,1621,32,6400,6,1529,5318,2900,4439,2560,1440,0
2.13,357,446,64,6000,16,5768,19439,9823,14954,3840,2160,1
3.2,3333,21577,64,2133,12,5576,20345,10521,16646,1920,1080,0
3.4,2169,6162,64,2400,16,4025,13538,7596,11517,3840,2160,0
3.6,2153,10018,32,5600,11,3481,12544,6311,9397,3840,2160,0
1.6,589,547,16,5600,8,2007,7273,3704,6127,1920,1080,1
2.7,1097,1023,32,4800,8,2073,7728,3858,6115,3840,2160,0
3.1,2040,6501,64,2400,11,3371,12315,6240,9336,1920,1080,0
2.3,663,564,32,2400,4,512,1817,907,1403,2560,1440,0
2.0,265,232,64,2666,24,1272,4364,2252,3356,1920,1080,1
1.4,508,766,8,2133,4,617,2289,1208,1807,2560,1440,0
3.0,1310,2505,64,6400,4,6879,24855,12882,20410,3840,2160,1
2.7,469,414,32,5200,32,14114,48945,25704,41466,1920,1080,1
2.4,4505,49680,32,3600,20,5739,19999,11066,17019,1920,1080,0
2.5,963,1879,8,3200,6,1063,3528,1860,2778,2560,1440,0
3.4,766,798,32,2666,2,324,1199,580,883,1920,1080,0
3.3,1798,2164,64,5600,8,2654,9689,5056,7966,2560,1440,0
2.2,606,361,16,5200,6,1907,6567,3375,5523,1920,1080,1
3.2,1322,2440,8,4800,8,3206,11719,6023,9042,1920,1080,1
2.8,381,196,16,3000,8,3197,11636,5988,9342,1920,1080,1
2.41,636,576,32,6000,4,5540,19454,9832,15794,1920,1080,1
1.8,272,180,64,3600,16,2980,10785,5352,7946,1920,1080,1
2.8,1951,5488,64,3200,16,16278,61669,33950,58694,3840,2160,1
1.8,382,285,16,4800,8,2604,8814,4799,7227,1920,1080,1
3.3,1445,5489,16,3200,12,4235,15107,7060,11731,1920,1080,1
2.9,1049,761,16,3000,11,3645,12986,6578,10630,2560,1440,1
2.0,269,238,8,2400,6,933,3039,1687,2423,1920,1080,1
2.5,1008,1995,64,3600,8,2355,8446,4325,6374,1920,1080,1
2.2,723,1260,16,6000,8,2429,8405,4051,6781,1920,1080,1
1.5,825,2311,8,2400,8,3546,12511,6242,9697,2560,1440,1
3.1,1614,3897,16,6000,16,6915,22685,12223,19368,2560,1440,1
3.0,1119,1097,32,2400,8,3395,11445,5861,9589,2560,1440,1
1.8,700,1334,64,5200,12,3180,11182,5864,9288,2560,1440,1
2.53,1020,987,16,3200,8,2272,7607,4181,6462,1920,1080,1
2.7,1601,3354,64,4800,12,5651,18039,10180,15335,2560,1440,1
2.6,538,343,8,2666,6,1608,5482,3064,4722,1920,1080,1
3.0,559,591,32,5200,8,2717,9392,4803,7585,2560,1440,1
3.2,1485,3238,32,3000,12,7151,25932,12651,19565,2560,1440,1
2.3,893,1622,32,2400,12,4101,14527,7500,11245,1920,1080,1
2.7,1968,5403,64,2666,16,4257,14789,7204,11961,1920,1080,1
3.0,1160,2537,64,2666,8,2420,9221,4367,7435,1920,1080,1
1.0,173,158,32,6000,16,2342,7921,4211,6332,3840,2160,1
1.8,669,601,16,5600,8,2805,10298,5359,7636,1920,1080,1
2.2,705,1354,32,6000,8,3465,12118,6241,9911,2560,1440,1
1.8,316,111,16,6000,8,2550,9180,4519,7507,3840,2160,1
3.5,907,1305,16,6400,16,3022,10478,5214,8497,1920,1080,1
3.2,1840,5915,32,2666,12,7598,24509,13217,20442,2560,1440,1
2.8,978,882,32,3200,24,9427,33645,17069,25788,2560,1440,1
1.3,201,76,64,3000,4,834,2902,1446,2351,2560,1440,1
3.3,1278,3764,16,3200,12,5590,18668,9546,15866,2560,1440,1
3.0,3547,78682,16,3000,16,6623,22198,11471,18639,1920,1080,1
1.5,424,394,64,2400,8,2674,8717,4525,7081,2560,1440,1
3.0,1743,4902,32,6400,16,4044,14078,7912,12127,1920,1080,1
1.8,329,112,16,5600,4,645,2165,1126,1760,1920,1080,1
3.6,450,326,64,4800,12,5632,20808,10110,17220,1920,1080,1
2.6,572,344,16,6400,8,1789,6734,3322,5009,2560,1440,1
1.9,723,1072,32,3600,8,3341,11950,6192,9838,1920,1080,1
1.6,617,591,64,5600,10,4556,15400,7600,12590,2560,1440,1
2.13,795,793,64,3000,12,2534,8498,4361,6981,2560,1440,1
3.33,595,239,32,2666,6,1747,6109,3254,4748,1920,1080,1
2.83,1276,1416,16,5600,12,7261,25891,13592,19908,3840,2160,1
1.6,228,81,64,2133,6,1111,4067,1982,3237,2560,1440,1
1.8,275,189,64,4800,8,1368,4712,2390,3501,2560,1440,1
2.53,1037,1049,8,2666,8,3165,11217,5445,8830,2560,1440,1
1.8,302,109,16,4800,8,2128,7828,4177,6360,3840,2160,1
3.0,829,777,64,2666,12,6765,25194,12569,20078,2560,1440,1
4.1,2417,4627,64,6400,16,4923,16279,8342,13499,1920,1080,1
2.1,927,1760,32,2133,8,3213,10227,5562,8211,1920,1080,1
1.45,466,508,32,6000,12,3502,12090,6288,9714,3840,2160,1
2.8,1739,4318,64,5600,16,6752,23944,12925,19957,1920,1080,1
3.5,3703,15035,64,6400,12,6799,24785,11876,20000,1920,1080,1
2.66,1029,2142,64,3600,8,2529,8722,4317,7203,1920,1080,1
1.3,194,80,32,2133,12,6647,23437,11451,17345,1920,1080,1
1.86,710,683,32,6000,12,3343,11279,6009,9531,2560,1440,1
2.8,1079,1032,32,6400,12,7329,24390,12975,19402,3840,2160,1
2.3,757,668,32,3000,11,2296,7936,3914,6388,1920,1080,1
1.5,850,2251,32,2666,8,2515,8937,4655,7391,1920,1080,1
1.3,449,1227,64,6000,8,1324,4392,2450,3692,1920,1080,1
3.0,1269,3146,16,5200,8,2308,7763,4074,6715,1920,1080,1
3.2,1139,941,64,6400,24,6694,23630,12305,18026,1920,1080,1
2.0,326,126,8,5200,8,2104,7924,3983,6193,2560,1440,1
3.1,1915,6356,64,3600,12,5404,17972,9138,14385,2560,1440,1
1.87,310,429,32,4800,12,2259,8042,4420,6696,3840,2160,1
2.6,1011,2009,32,6400,12,5025,18348,9281,14764,1920,1080,1
2.2,866,878,32,2400,6,1792,6505,3353,5020,1920,1080,1
2.2,613,337,32,3000,6,1862,6603,3456,5576,2560,1440,1
3.33,1369,2426,16,3600,16,6654,22163,11857,17921,1920,1080,1
3.2,560,325,8,6000,8,1751,6017,3179,4716,1920,1080,1
2.5,953,977,32,3600,8,3971,13873,6762,11146,1920,1080,1
2.0,500,325,16,3000,8,2120,6993,3542,5834,1920,1080,1
2.3,630,430,64,4800,8,3100,9915,5210,8292,1920,1080,1
3.4,681,309,32,4800,8,2527,8634,4625,7622,2560,1440,1
2.4,943,909,32,6400,16,8900,32035,15173,25282,3840,2160,1
3.2,1246,2442,8,2133,8,2732,8979,4630,7822,1920,1080,1
2.6,874,691,32,6400,40,1746,6320,3111,5074,1920,1080,1
3.3,1330,3836,64,3200,4,7055,24630,13228,18803,2560,1440,1
1.6,294,238,64,3600,8,2482,8089,4196,6984,1920,1080,1
3.83,236,146,32,6000,6,1014,3484,1900,2752,1920,1080,1
2.8,1056,534,32,2133,20,5856,20209,10259,16633,2560,1440,1
1.5,1137,1892,8,2133,8,2744,9470,4796,7553,1920,1080,1
2.0,335,127,64,2133,8,3892,13636,7119,10788,2560,1440,1
2.5,1119,1187,16,3000,8,2662,9448,4914,7861,1920,1080,1
3.6,1438,5521,64,4800,16,8416,31078,15482,25628,1920,1080,1
3.3,2437,19538,64,3000,24,9471,33231,16460,26784,2560,1440,1
1.7,523,459,64,5200,12,2399,8063,4309,6656,2560,1440,1
3.73,556,387,16,3200,6,1978,6585,3555,5369,2560,1440,1
2.7,969,807,32,3200,8,3331,11051,5747,9447,2560,1440,1
3.6,1506,3164,64,6400,24,9020,32689,16518,24675,2560,1440,1
1.8,398,285,64,3200,16,4250,14225,7577,11745,1920,1080,1
2.6,1022,2020,64,5600,12,2560,9235,4441,7341,1920,1080,1
1.0,173,149,8,5200,8,1761,6190,3346,5114,2560,1440,1
3.0,3705,147512,64,6000,16,9332,32010,17092,26657,1920,1080,1
1.6,649,640,64,3000,8,2059,7208,3867,5903,1920,1080,1
2.83,1261,2193,8,3000,8,2806,9224,4952,7598,1920,1080,1
2.4,373,125,8,2133,6,1357,4490,2338,3607,2560,1440,1
2.2,973,911,16,5600,8,3132,11136,5867,9151,1920,1080,1
3.2,1717,3791,16,6400,8,3451,11560,5749,9780,1920,1080,1
3.6,2277,8830,32,4800,32,14148,49641,25396,40450,3840,2160,1
2.8,561,528,64,2400,8,4398,14534,7969,11981,2560,1440,1
2.8,1832,4505,32,2666,16,9190,32221,15360,25944,3840,2160,1
2.2,389,302,32,5600,8,2187,7445,3825,5989,1920,1080,1
2.2,822,1101,8,5200,8,2327,7959,3905,5925,1920,1080,1
3.5,1645,1876,8,5200,8,3492,12865,6275,9992,1920,1080,1
1.7,2904,14216,32,3200,32,14485,61604,32818,63058,1920,1080,1
1.6,586,513,32,2133,16,4052,13978,7296,11525,2560,1440,1
3.0,1217,1171,16,6400,8,2266,7408,4075,6339,1920,1080,1
2.8,755,1011,32,5600,6,1438,4961,2594,3985,1920,1080,1
2.17,378,254,8,5200,6,1757,6507,3405,4962,1920,1080,1
1.4,2757,15423,64,3600,12,7192,24569,13294,20021,1920,1080,1
2.9,1157,1131,32,3000,12,5472,19156,9149,14235,2560,1440,1
1.67,329,201,16,4800,12,5679,19794,10955,16207,3840,2160,1
1.8,623,491,8,5200,8,2642,8754,4604,7275,2560,1440,1
2.8,1126,1312,64,2133,8,2060,7136,3901,6030,1920,1080,1
2.0,715,625,32,5200,12,6963,24674,13083,19924,2560,1440,1
3.5,1455,3471,16,2666,12,5886,20838,10054,16435,2560,1440,1
2.3,915,1300,8,6000,8,1821,6188,3087,5118,1920,1080,1
2.2,1066,1176,32,2400,8,2953,10996,5225,8547,1920,1080,1
2.0,752,726,64,6000,4,5318,18911,10253,14692,1920,1080,1
2.8,1115,2199,64,6400,8,4267,14396,7547,11370,2560,1440,1
3.2,1325,2555,32,6400,12,4089,14633,7744,11961,2560,1440,1
1.8,305,118,8,3200,8,2913,10765,5664,8243,1920,1080,1
1.91,522,1072,32,3200,8,3950,13355,7002,11214,3840,2160,1
1.33,278,184,8,5600,6,1175,3953,2135,3125,2560,1440,1
3.9,1562,4771,16,3600,16,3625,13099,6874,10955,1920,1080,1
2.5,380,163,64,6000,32,14452,59699,32355,68162,3840,2160,1
3.5,1397,3965,64,6400,8,2637,8944,4552,7563,1920,1080,1
3.2,1237,2505,64,3600,8,3525,12369,6285,9441,2560,1440,1
3.3,1326,1875,64,3600,16,2926,10536,5488,7827,1920,1080,1
2.66,483,374,64,4800,8,2589,8779,4827,7516,2560,1440,1
3.06,1307,1122,32,2133,24,6752,22429,11759,19163,2560,1440,1
2.93,1182,2306,16,5600,8,3262,11714,5777,9618,1920,1080,1
3.8,1702,3822,64,3000,10,4240,15820,7642,12628,1920,1080,1
1.9,283,106,64,3600,6,1850,6501,3296,5368,1920,1080,1
1.8,334,317,64,3000,12,5523,18721,9716,15785,3840,2160,1
2.8,1760,4176,32,3200,12,4959,17032,9549,14875,1920,1080,1
2.3,1052,1127,16,5600,12,6164,20591,10929,16299,3840,2160,1
2.4,879,1202,32,2400,10,1932,7010,3601,5421,1920,1080,1
3.3,1717,2189,16,2133,12,5493,19304,9718,14327,2560,1440,1
2.8,413,183,16,5600,8,1961,6642,3678,5445,1920,1080,1
2.7,1659,3643,64,4800,32,9474,33428,16949,25925,3840,2160,1
3.4,741,743,16,5600,11,2843,10364,5569,8347,1920,1080,1
2.4,915,958,64,2400,16,6390,23898,11764,18069,1920,1080,1
